{"cameraMode":{"drawMode":0,"name":"Shaded","section":"Shading Mode"},"sceneLighting":false,"audioPlay":false,"sceneViewState":{"showFog":false,"showMaterialUpdate":false,"showSkybox":true,"showFlares":false,"showImageEffects":false,"showParticleSystems":false},"in2DMode":false,"pivot":{"x":0.17526677250862122,"y":1.0820116996765137,"z":-1.0529704093933106},"rotation":{"x":0.002372438320890069,"y":-0.9975036978721619,"z":0.056966640055179599,"w":0.04166083782911301},"size":4.569072723388672,"orthographic":false}