{"cameraMode":{"drawMode":0,"name":"Shaded","section":"Shading Mode"},"sceneLighting":false,"audioPlay":false,"sceneViewState":{"showFog":false,"showMaterialUpdate":false,"showSkybox":true,"showFlares":false,"showImageEffects":false,"showParticleSystems":false},"in2DMode":false,"pivot":{"x":-166.11834716796876,"y":-99.18458557128906,"z":400.3431396484375},"rotation":{"x":0.21514099836349488,"y":-0.46563440561294558,"z":0.11781216412782669,"w":0.850305438041687},"size":396.67352294921877,"orthographic":false}