{"cameraMode":{"drawMode":0,"name":"Shaded","section":"Shading Mode"},"sceneLighting":false,"audioPlay":false,"sceneViewState":{"showFog":false,"showMaterialUpdate":false,"showSkybox":true,"showFlares":false,"showImageEffects":false,"showParticleSystems":false},"in2DMode":false,"pivot":{"x":5.362407684326172,"y":-1.3403491973876954,"z":3.871309280395508},"rotation":{"x":-0.13094019889831544,"y":0.8668565154075623,"z":-0.37166827917099,"w":-0.3054131269454956},"size":22.291088104248048,"orthographic":false}