{"cameraMode":{"drawMode":0,"name":"Shaded","section":"Shading Mode"},"sceneLighting":false,"audioPlay":false,"sceneViewState":{"showFog":false,"showMaterialUpdate":false,"showSkybox":true,"showFlares":false,"showImageEffects":false,"showParticleSystems":false},"in2DMode":false,"pivot":{"x":0.0,"y":-0.10755348205566406,"z":-0.15211087465286256},"rotation":{"x":0.07072756439447403,"y":0.02692287042737007,"z":-0.001910619204863906,"w":0.9971304535865784},"size":7.030820846557617,"orthographic":false}